{
  "E4001": 0.09890562866273998,
  "E4002": 0.07143184292309003,
  "E4003": 0.063189707201195,
  "E4004": 0.04121067860947501,
  "E4005": 0.09890562866273998,
  "E4006": 0.07143184292309003,
  "E4007": 0.063189707201195,
  "E4008": 0.04121067860947501,
  "E4009": 0.015240589909168113,
  "E4010": 0.011007092712176973,
  "E4011": 0.009737043553079628,
  "E4012": 0.006350245795486713,
  "E4013": 0.015240589909168113,
  "E4014": 0.011007092712176973,
  "E4015": 0.009737043553079628,
  "E4016": 0.006350245795486713,
  "E4017": 0.019319513208082482,
  "E4018": 0.013952981761392903,
  "E4019": 0.01234302232738603,
  "E4020": 0.008049797170034368,
  "E4021": 0.019319513208082482,
  "E4022": 0.013952981761392903,
  "E4023": 0.01234302232738603,
  "E4024": 0.008049797170034368,
  "E4025": 0.004086715552529201,
  "E4026": 0.0029515167879377567,
  "E4027": 0.002610957158560323,
  "E4028": 0.001702798146887167,
  "E4029": 0.004086715552529201,
  "E4030": 0.0029515167879377567,
  "E4031": 0.002610957158560323,
  "E4032": 0.001702798146887167,
  "E4033": 0.003079267418693268,
  "E4034": 0.0022239153579451374,
  "E4035": 0.001967309739720699,
  "E4036": 0.001283028091122195,
  "E4037": 0.003079267418693268,
  "E4038": 0.0022239153579451374,
  "E4039": 0.001967309739720699,
  "E4040": 0.001283028091122195,
  "E4041": 0.0007538673512244073,
  "E4042": 0.0005444597536620719,
  "E4043": 0.0004816374743933714,
  "E4044": 0.00031411139634350305,
  "E4045": 0.0007538673512244073,
  "E4046": 0.0005444597536620719,
  "E4047": 0.0004816374743933714,
  "E4048": 0.00031411139634350305,
  "E4049": 0.0009717917275012789,
  "E4050": 0.0007018495809731458,
  "E4051": 0.0006208669370147059,
  "E4052": 0.0004049132197921995,
  "E4053": 0.0009717917275012789,
  "E4054": 0.0007018495809731458,
  "E4055": 0.0006208669370147059,
  "E4056": 0.0004049132197921995,
  "E4057": 0.0002030983978947384,
  "E4058": 0.0001466821762573111,
  "E4059": 0.00012975730976608289,
  "E4060": 8.462433245614102e-05,
  "E4061": 0.0002030983978947384,
  "E4062": 0.0001466821762573111,
  "E4063": 0.00012975730976608289,
  "E4064": 8.462433245614102e-05,
  "E4065": 0.0001550004116837746,
  "E4066": 0.000111944741771615,
  "E4067": 9.902804079796711e-05,
  "E4068": 6.458350486823942e-05,
  "E4069": 0.0001550004116837746,
  "E4070": 0.000111944741771615,
  "E4071": 9.902804079796711e-05,
  "E4072": 6.458350486823942e-05,
  "E4073": 3.694341089855394e-05,
  "E4074": 2.668135231562229e-05,
  "E4075": 2.3602734740742787e-05,
  "E4076": 1.539308787439747e-05,
  "E4077": 3.694341089855394e-05,
  "E4078": 2.668135231562229e-05,
  "E4079": 2.3602734740742787e-05,
  "E4080": 1.539308787439747e-05,
  "E4081": 2.36273268514874e-05,
  "E4082": 1.7064180503852013e-05,
  "E4083": 1.5095236599561402e-05,
  "E4084": 9.84471952145308e-06,
  "E4085": 2.36273268514874e-05,
  "E4086": 1.7064180503852013e-05,
  "E4087": 1.5095236599561402e-05,
  "E4088": 9.84471952145308e-06,
  "E4089": 4.8648648648648654e-05,
  "E4090": 3.513513513513514e-05,
  "E4091": 3.108108108108108e-05,
  "E4092": 2.027027027027027e-05,
  "E4093": 4.8648648648648654e-05,
  "E4094": 3.513513513513514e-05,
  "E4095": 3.108108108108108e-05,
  "E4096": 2.027027027027027e-05
}